method,dataset,metric,eoh_20260713_162333_903,eoh_20260713_172642_829,eoh_20260714_095938_578,eoh_20260714_095942_978,eoh_20260714_102111_944,eoh_20260714_143524_141,eoh_20260714_143527_355,funsearch_20260713_162413_076,funsearch_20260714_095948_206,funsearch_20260714_102124_695,our_20260713_162858_388,our_20260713_170108_531,our_20260714_095953_005,our_20260714_102133_856,our_20260714_144846_860,our_20260714_144848_892,our_20260715_113319_113,average
eoh,Barnes,avg_gap,0.5095053954242773,0.5095053954242773,0.5095053954242773,0.5095053954242773,0.5095053954242773,0.5095053954242773,0.5095053954242773,,,,,,,,,,,0.5095053954242773
eoh,Barnes,avg_runtime_seconds,0.003192791666064988,0.0031827855709707364,0.0031839722838153,0.003239758000875424,0.0030798790498270784,0.003302642998668099,0.003387484143050166,,,,,,,,,,,0.003224187673324542
eoh,Brandimarte,avg_gap,0.19883767027129184,0.19883767027129184,0.19883767027129184,0.19883767027129184,0.19883767027129184,0.19883767027129184,0.19883767027129184,,,,,,,,,,,0.19883767027129184
eoh,Brandimarte,avg_runtime_seconds,0.003483525002229726,0.003521533199818805,0.003545125295931939,0.003608249900571536,0.0034860959014622493,0.0036886583009618336,0.0037091580976266413,,,,,,,,,,,0.003577477956943247
eoh,Dauzere,avg_gap,0.23629442232987363,0.23629442232987363,0.23629442232987363,0.23629442232987363,0.23629442232987363,0.23629442232987363,0.23629442232987363,,,,,,,,,,,0.23629442232987363
eoh,Dauzere,avg_runtime_seconds,0.01107123138879413,0.01132455561107943,0.011474634277369155,0.011574555502092052,0.01108559033552107,0.01180794222374162,0.011718096999781361,,,,,,,,,,,0.011436658048339831
eoh,Hurink_edata,avg_gap,0.41785839222334437,0.41785839222334437,0.41785839222334437,0.41785839222334437,0.41785839222334437,0.41785839222334437,0.41785839222334437,,,,,,,,,,,0.41785839222334437
eoh,Hurink_edata,avg_runtime_seconds,0.0033847395246993984,0.004018280225500348,0.0034016271270957076,0.0034294197270355654,0.0033974145244428655,0.0035638457236927936,0.0035588458744314267,,,,,,,,,,,0.0035363103895568724
eoh,Hurink_rdata,avg_gap,0.26269798617791346,0.26269798617791346,0.26269798617791346,0.26269798617791346,0.26269798617791346,0.26269798617791346,0.26269798617791346,,,,,,,,,,,0.26269798617791346
eoh,Hurink_rdata,avg_runtime_seconds,0.0037716760747571244,0.00446232814938412,0.003859662374816253,0.003913264525544946,0.0038156166479893726,0.003949533226113999,0.0055106375744799155,,,,,,,,,,,0.0041832455104408185
eoh,Hurink_vdata,avg_gap,0.09231562756656055,0.09231562756656055,0.09231562756656055,0.09231562756656055,0.09231562756656055,0.09231562756656055,0.09231562756656055,,,,,,,,,,,0.09231562756656055
eoh,Hurink_vdata,avg_runtime_seconds,0.004896358425321523,0.00510098017493874,0.005070437500035041,0.0051249114771053424,0.004985026999565889,0.005219280200253707,0.005772046876518289,,,,,,,,,,,0.005167005950534076
funsearch,Barnes,avg_gap,,,,,,,,2.031332441900413,2.031332441900413,2.031332441900413,,,,,,,,2.031332441900413
funsearch,Barnes,avg_runtime_seconds,,,,,,,,0.0010786210474353062,0.0010633988560931314,0.0010164980977563011,,,,,,,,0.0010528393337615796
funsearch,Brandimarte,avg_gap,,,,,,,,0.6663470106905246,0.6663470106905246,0.6663470106905246,,,,,,,,0.6663470106905246
funsearch,Brandimarte,avg_runtime_seconds,,,,,,,,0.0013272667994897347,0.0014035415995749645,0.001303058302437421,,,,,,,,0.00134462223383404
funsearch,Dauzere,avg_gap,,,,,,,,1.806037952148287,1.806037952148287,1.806037952148287,,,,,,,,1.806037952148287
funsearch,Dauzere,avg_runtime_seconds,,,,,,,,0.002796083276835917,0.0029133217224928862,0.0027872151105030854,,,,,,,,0.002832206703277296
funsearch,Hurink_edata,avg_gap,,,,,,,,1.574182350846027,1.574182350846027,1.574182350846027,,,,,,,,1.574182350846027
funsearch,Hurink_edata,avg_runtime_seconds,,,,,,,,0.001437258324949653,0.0012864938253187574,0.001250227101627388,,,,,,,,0.0013246597506319329
funsearch,Hurink_rdata,avg_gap,,,,,,,,1.2598575657637439,1.2598575657637439,1.2598575657637439,,,,,,,,1.2598575657637439
funsearch,Hurink_rdata,avg_runtime_seconds,,,,,,,,0.0014074239246838261,0.0014538780986185884,0.0014226957991922973,,,,,,,,0.001427999274164904
funsearch,Hurink_vdata,avg_gap,,,,,,,,0.89311109871513,0.89311109871513,0.89311109871513,,,,,,,,0.89311109871513
funsearch,Hurink_vdata,avg_runtime_seconds,,,,,,,,0.001866642750246683,0.001915806303077261,0.0018746249752439326,,,,,,,,0.0018856913428559588
our,Barnes,avg_gap,,,,,,,,,,,0.5112051640129306,0.4955726377007649,0.5712659430067103,0.5712659430067103,0.18814031001152987,0.18814031001152987,0.18814031001152987,0.38767580253738654
our,Barnes,avg_runtime_seconds,,,,,,,,,,,0.003893315382551269,0.004053531857650904,0.0039531687154002225,0.003976533667550289,0.002146789666897218,0.0021909861894701386,0.0022668371869561574,0.003211594666639457
our,Brandimarte,avg_gap,,,,,,,,,,,0.24763161914874157,0.25044239177188243,0.2672419597296447,0.2672419597296447,0.14266761011085036,0.14266761011085036,0.10236820163733487,0.20289447889127843
our,Brandimarte,avg_runtime_seconds,,,,,,,,,,,0.004520454299199628,0.00418555420183111,0.004327341497992165,0.0043521957006305454,0.0027017750006052667,0.0026509165996685623,0.0028402958007063715,0.0036540761572333783
our,Dauzere,avg_gap,,,,,,,,,,,0.29035918888307544,0.30534861867127383,0.43941726927851227,0.43941726927851227,0.0777172173001027,0.0777172173001027,0.08004702965758839,0.24428911576702395
our,Dauzere,avg_runtime_seconds,,,,,,,,,,,0.012675268444581889,0.012929669055867836,0.013756638721841026,0.013791328722113071,0.006292481554232331,0.0062148172227251865,0.006434712887211289,0.01029927380122466
our,Hurink_edata,avg_gap,,,,,,,,,,,0.3912889715959117,0.38310190368919195,0.4293869232323789,0.4293869232323789,0.15758043962202306,0.15758043962202306,0.15744924246492725,0.3008249776369764
our,Hurink_edata,avg_runtime_seconds,,,,,,,,,,,0.0041687394748805675,0.004290106350163114,0.0050399916483002015,0.0044853072762634835,0.0026661729763873153,0.002654333251120988,0.0026787572729517705,0.003711915464295349
our,Hurink_rdata,avg_gap,,,,,,,,,,,0.25437708161268935,0.25375932075001045,0.3381868350315967,0.3381868350315967,0.11682850257063568,0.11682850257063568,0.11239594853299816,0.2186518608714518
our,Hurink_rdata,avg_runtime_seconds,,,,,,,,,,,0.004563349049021781,0.0047481458255788315,0.004903943751924089,0.0049368030755431395,0.0031811374734388663,0.003159756301465677,0.003268867576844059,0.0041088575791166345
our,Hurink_vdata,avg_gap,,,,,,,,,,,0.13233016165239295,0.19027206095775126,0.29232389347053606,0.29232389347053606,0.039041722331554896,0.039041722331554896,0.037573349569555346,0.14612954339769735
our,Hurink_vdata,avg_runtime_seconds,,,,,,,,,,,0.005741963499531266,0.005949370950111188,0.006271215701053734,0.006180220923488378,0.004761154124207678,0.0047222822755429664,0.004933278200041968,0.005508497953425311
eoh,ALL_DATASETS,overall_avg_gap,0.283172602646587,0.283172602646587,0.283172602646587,0.283172602646587,0.283172602646587,0.283172602646587,0.283172602646587,,,,,,,,,,,0.283172602646587
eoh,ALL_DATASETS,overall_avg_runtime_seconds,0.0046347751538406996,0.005024611668526222,0.00474631460349092,0.0047997825162673985,0.004656812851954411,0.004899949183499512,0.005401276372743015,,,,,,,,,,,0.004880503192903169
funsearch,ALL_DATASETS,overall_avg_gap,,,,,,,,1.3663679002276872,1.3663679002276872,1.3663679002276872,,,,,,,,1.3663679002276872
funsearch,ALL_DATASETS,overall_avg_runtime_seconds,,,,,,,,0.0016254805264455134,0.0016275367577465185,0.0015766202965021112,,,,,,,,0.0016098791935647144
our,ALL_DATASETS,overall_avg_gap,,,,,,,,,,,0.2932422404147578,0.3046926382331122,0.38446403146053876,0.38446403146053876,0.11428733197468062,0.11428733197468062,0.1107231756399485,0.2437372544511796
our,ALL_DATASETS,overall_avg_runtime_seconds,,,,,,,,,,,0.005527106976126577,0.0056758501720042985,0.00605038756832891,0.005913410248726016,0.003607713514487755,0.003584860704791699,0.0037104585378488646,0.00486711253175916
